,,cost,load,fuel cost,cost_norm,load_norm,del_load_norm,fuel_norm,weather,,,,
1,Jul-76,17.84,54029.33,4.32,0.73,0.1,0.1,0.02,1,,,min_cost,11.39
2,Aug-76,16.83,57706.13,4.33,0.62,0.13,0.03,0.02,0,,,max_cost,20.23
3,Sep-76,17.2,53771.2,4.3,0.66,0.1,-0.03,0.01,0,,,min_energy,41825
4,Oct-76,17.56,44995.88,4.28,0.7,0.03,-0.07,0.01,0,,,max_energy,166890.83
5,Nov-76,17.05,46986.38,4.27,0.64,0.04,0.01,0.01,1,,,min_fuel,4.03
6,Dec-76,16.07,57111.76,4.25,0.53,0.12,0.08,0.01,1,,,max_fuel,22.89
7,Jan-77,15.99,65757.53,4.28,0.52,0.19,0.07,0.01,1,,,,
8,Feb-77,16.27,61838.61,4.32,0.55,0.16,-0.03,0.02,1,,,,
9,Mar-77,17.5,51172.85,4.33,0.69,0.07,-0.09,0.02,0,,,LEGEND:,
10,Apr-77,17.81,44667.74,4.31,0.73,0.02,-0.05,0.02,0,,,* cost: avg residential electricity cost (cents/MWH) ,
11,May-77,18.19,41825,4.36,0.77,0,-0.02,0.02,1,,,* load: avg electrical energy consumption (Million Kw hrs),
12,Jun-77,18.1,48728.71,4.37,0.76,0.06,0.06,0.02,1,,,* fuel cost: overall avg fuel cost ($/gallon),
13,Jul-77,18.01,61377.5,4.33,0.75,0.16,0.1,0.02,1,,,"* includes: crude oil, gasoline, diesel, heat oil, natural gases",
14,Aug-77,18.77,62692.04,4.34,0.84,0.17,0.01,0.02,0,,,* weather: summer and winter -> 1 otherwise 0,
15,Sep-77,18.29,57629.73,4.3,0.78,0.13,-0.04,0.01,0,,,"Jan,Feb,Nov,Dec (winter) and May, June, July (summer)",
16,Oct-77,18.2,49021.33,4.28,0.77,0.06,-0.07,0.01,0,,,,
17,Nov-77,17.66,45241.4,4.25,0.71,0.03,-0.03,0.01,1,,,,
18,Dec-77,16.74,55286.54,4.25,0.6,0.11,0.08,0.01,1,,,,
19,Jan-78,16.22,65906,4.13,0.55,0.19,0.08,0.01,1,,,,
20,Feb-78,16.14,64579,4.1,0.54,0.18,-0.01,0,1,,,,
21,Mar-78,16.86,58781,4.09,0.62,0.14,-0.04,0,0,,,,
22,Apr-78,17.54,47396,4.05,0.7,0.04,-0.1,0,0,,,,
23,May-78,18.19,44012,4.04,0.77,0.02,-0.02,0,1,,,,
24,Jun-78,18.05,50832,4.05,0.75,0.07,0.05,0,1,,,,
25,Jul-78,17.91,61747,4.06,0.74,0.16,0.09,0,1,,,,
26,Aug-78,17.8,63843,4.06,0.73,0.18,0.02,0,0,,,,
27,Sep-78,17.64,61984,4.05,0.71,0.16,-0.02,0,0,,,,
28,Oct-78,17.48,51108,4.03,0.69,0.07,-0.09,0,0,,,,
29,Nov-78,16.99,47220,6.1,0.63,0.04,-0.03,0.11,1,,,,
30,Dec-78,16.13,57058,6.16,0.54,0.12,0.08,0.11,1,,,,
31,Jan-79,15.6,69939,8.54,0.48,0.22,0.1,0.24,1,,,,
32,Feb-79,15.45,67842,8.72,0.46,0.21,-0.01,0.25,1,,,,
33,Mar-79,16.04,59314,8.95,0.53,0.14,-0.07,0.26,0,,,,
34,Apr-79,16.62,50079,9.31,0.59,0.07,-0.07,0.28,0,,,,
35,May-79,17.16,45730,9.8,0.65,0.03,-0.04,0.31,1,,,,
36,Jun-79,17.69,49556,10.57,0.71,0.06,0.03,0.35,1,,,,
37,Jul-79,17.5,58606,11.09,0.69,0.13,0.07,0.37,1,,,,
38,Aug-79,17.33,64808,11.49,0.67,0.18,0.05,0.4,0,,,,
39,Sep-79,17.52,59703,11.77,0.69,0.14,-0.04,0.41,0,,,,
40,Oct-79,17.33,49505,11.78,0.67,0.06,-0.08,0.41,0,,,,
41,Nov-79,16.46,49617,11.96,0.57,0.06,0,0.42,1,,,,
42,Dec-79,15.93,58120,12.27,0.51,0.13,0.07,0.44,1,,,,
43,Jan-80,15.71,65841,12.66,0.49,0.19,0.06,0.46,1,,,,
44,Feb-80,15.51,64514,13.12,0.47,0.18,-0.01,0.48,1,,,,
45,Mar-80,15.95,60497,13.35,0.52,0.15,-0.03,0.49,0,,,,
46,Apr-80,16.43,51749,13.28,0.57,0.08,-0.07,0.49,0,,,,
47,May-80,17.23,45699,13.22,0.66,0.03,-0.05,0.49,1,,,,
48,Jun-80,17.7,52267,13.15,0.71,0.08,0.05,0.48,1,,,,
49,Jul-80,17.99,68611,13.12,0.75,0.21,0.13,0.48,1,,,,
50,Aug-80,17.86,75020,12.99,0.73,0.27,0.06,0.48,0,,,,
51,Sep-80,17.71,67969,12.86,0.72,0.21,-0.06,0.47,0,,,,
52,Oct-80,17.54,54014,12.67,0.7,0.1,-0.11,0.46,0,,,,
53,Nov-80,17.05,50539,12.71,0.64,0.07,-0.03,0.46,1,,,,
54,Dec-80,16.59,60775,12.89,0.59,0.15,0.08,0.47,1,,,,
55,Jan-81,16.14,74087.02,15.08,0.54,0.26,0.11,0.59,1,,,,
56,Feb-81,16.29,66359.16,15.68,0.55,0.2,-0.06,0.62,1,,,,
57,Mar-81,17.07,57660.33,15.83,0.64,0.13,-0.07,0.63,0,,,,
58,Apr-81,17.55,50913.73,15.69,0.7,0.07,-0.06,0.62,0,,,,
59,May-81,18.31,48347.74,15.52,0.78,0.05,-0.02,0.61,1,,,,
60,Jun-81,18.72,56165.25,15.27,0.83,0.11,0.06,0.6,1,,,,
61,Jul-81,18.8,69989.93,14.95,0.84,0.23,0.12,0.58,1,,,,
62,Aug-81,18.66,70298.9,14.81,0.82,0.23,0,0.57,0,,,,
63,Sep-81,18.48,61098.02,14.67,0.8,0.15,-0.08,0.56,0,,,,
64,Oct-81,18.42,52988.68,14.6,0.8,0.09,-0.06,0.56,0,,,,
65,Nov-81,17.79,51965,14.61,0.72,0.08,-0.01,0.56,1,,,,
66,Dec-81,17.45,62391.28,14.6,0.69,0.16,0.08,0.56,1,,,,
67,Jan-82,17.12,76263.76,14.44,0.65,0.28,0.12,0.55,1,,,,
68,Feb-82,17.62,69127.77,14.26,0.7,0.22,-0.06,0.54,1,,,,
69,Mar-82,18.17,60498.09,13.83,0.77,0.15,-0.07,0.52,0,,,,
70,Apr-82,18.39,54917.77,13.41,0.79,0.1,-0.05,0.5,0,,,,
71,May-82,18.76,49091.65,13.5,0.83,0.06,-0.04,0.5,1,,,,
72,Jun-82,19.08,54082.56,13.8,0.87,0.1,0.04,0.52,1,,,,
73,Jul-82,19.25,65703.81,13.76,0.89,0.19,0.09,0.52,1,,,,
74,Aug-82,19.21,69905.83,13.63,0.88,0.22,0.03,0.51,0,,,,
75,Sep-82,19.21,63052.99,13.66,0.88,0.17,-0.05,0.51,0,,,,
76,Oct-82,19.13,52637.85,13.79,0.88,0.09,-0.08,0.52,0,,,,
77,Nov-82,18.35,52135.61,13.89,0.79,0.08,-0.01,0.52,1,,,,
78,Dec-82,17.88,62102.08,13.73,0.73,0.16,0.08,0.51,1,,,,
79,Jan-83,17.84,69966.68,13.41,0.73,0.23,0.07,0.5,1,,,,
80,Feb-83,17.82,65038.69,13.1,0.73,0.19,-0.04,0.48,1,,,,
81,Mar-83,18.34,58911.75,12.65,0.79,0.14,-0.05,0.46,0,,,,
82,Apr-83,18.21,56283.96,12.91,0.77,0.12,-0.02,0.47,0,,,,
83,May-83,18.92,49669.17,13.08,0.85,0.06,-0.06,0.48,1,,,,
84,Jun-83,19.41,54138.01,13.14,0.91,0.1,0.04,0.48,1,,,,
85,Jul-83,19.59,69964.83,13.05,0.93,0.23,0.13,0.48,1,,,,
86,Aug-83,19.53,78374.35,13.06,0.92,0.29,0.06,0.48,0,,,,
87,Sep-83,19.73,73197.28,13.01,0.94,0.25,-0.04,0.48,0,,,,
88,Oct-83,19.4,55373.8,13.08,0.91,0.11,-0.14,0.48,0,,,,
89,Nov-83,18.82,53703.56,12.81,0.84,0.09,-0.02,0.47,1,,,,
90,Dec-83,18,66326.16,12.6,0.75,0.2,0.11,0.45,1,,,,
91,Jan-84,17.36,83556.44,12.57,0.68,0.33,0.13,0.45,1,,,,
92,Feb-84,17.79,70036.46,12.77,0.72,0.23,-0.1,0.46,1,,,,
93,Mar-84,18.24,63855.26,12.55,0.77,0.18,-0.05,0.45,0,,,,
94,Apr-84,18.42,56550.06,12.54,0.8,0.12,-0.06,0.45,0,,,,
95,May-84,19.14,53687.24,12.64,0.88,0.09,-0.03,0.46,1,,,,
96,Jun-84,19.86,60143.17,12.72,0.96,0.15,0.06,0.46,1,,,,
97,Jul-84,20.03,71242.37,12.67,0.98,0.24,0.09,0.46,1,,,,
98,Aug-84,20.23,73367.33,12.71,1,0.25,0.01,0.46,0,,,,
99,Sep-84,20.17,67667.18,12.65,0.99,0.21,-0.04,0.46,0,,,,
100,Oct-84,19.84,56140.25,12.51,0.96,0.11,-0.1,0.45,0,,,,
101,Nov-84,18.82,56720.55,12.29,0.84,0.12,0.01,0.44,1,,,,
102,Dec-84,18.04,67125.36,12.07,0.75,0.2,0.08,0.43,1,,,,
103,Jan-85,18,77530.26,11.84,0.75,0.29,0.09,0.41,1,,,,
104,Feb-85,17.66,78302.71,11.64,0.71,0.29,0,0.4,1,,,,
105,Mar-85,18.31,64219.97,11.71,0.78,0.18,-0.11,0.41,0,,,,
106,Apr-85,18.76,56234.7,11.94,0.83,0.12,-0.06,0.42,0,,,,
107,May-85,19.45,53039.27,12.13,0.91,0.09,-0.03,0.43,1,,,,
108,Jun-85,19.89,60878.73,12.13,0.96,0.15,0.06,0.43,1,,,,
109,Jul-85,19.85,71231.59,12.01,0.96,0.24,0.09,0.42,1,,,,
110,Aug-85,19.81,73968.62,11.97,0.95,0.26,0.02,0.42,0,,,,
111,Sep-85,19.77,71329.27,11.96,0.95,0.24,-0.02,0.42,0,,,,
112,Oct-85,19.46,57730.43,11.84,0.91,0.13,-0.11,0.41,0,,,,
113,Nov-85,18.42,57006.61,11.9,0.79,0.12,-0.01,0.42,1,,,,
114,Dec-85,17.62,72461.69,11.71,0.7,0.24,0.12,0.41,1,,,,
115,Jan-86,16.41,82899.67,11.39,0.57,0.33,0.09,0.39,1,,,,
116,Feb-86,16.97,71072.22,10.25,0.63,0.23,-0.1,0.33,1,,,,
117,Mar-86,17.25,65431.44,9.34,0.66,0.19,-0.04,0.28,0,,,,
118,Apr-86,17.79,56745.73,8.94,0.72,0.12,-0.07,0.26,0,,,,
119,May-86,17.91,54360.15,8.96,0.74,0.1,-0.02,0.26,1,,,,
120,Jun-86,18.37,64097.88,8.95,0.79,0.18,0.08,0.26,1,,,,
121,Jul-86,18.45,80505.5,8.48,0.8,0.31,0.13,0.24,1,,,,
122,Aug-86,18.31,80564.74,8.46,0.78,0.31,0,0.23,0,,,,
123,Sep-86,18.27,68662.42,8.54,0.78,0.21,-0.1,0.24,0,,,,
124,Oct-86,17.65,62984.78,8.27,0.71,0.17,-0.04,0.22,0,,,,
125,Nov-86,17.47,58691.57,8.07,0.69,0.13,-0.04,0.21,1,,,,
126,Dec-86,16.49,73072.24,8.02,0.58,0.25,0.12,0.21,1,,,,
127,Jan-87,16.22,82209.16,8.49,0.55,0.32,0.07,0.24,1,,,,
128,Feb-87,16.21,73503.45,8.7,0.54,0.25,-0.07,0.25,1,,,,
129,Mar-87,16.59,67433,8.69,0.59,0.2,-0.05,0.25,0,,,,
130,Apr-87,16.79,60070.34,8.8,0.61,0.15,-0.05,0.25,0,,,,
131,May-87,17.23,58553.7,8.99,0.66,0.13,-0.02,0.26,1,,,,
132,Jun-87,17.92,68923.48,9.21,0.74,0.22,0.09,0.27,1,,,,
133,Jul-87,17.87,83829.45,9.37,0.73,0.34,0.12,0.28,1,,,,
134,Aug-87,17.7,88242.63,9.45,0.71,0.37,0.03,0.29,0,,,,
135,Sep-87,17.41,73508.1,9.33,0.68,0.25,-0.12,0.28,0,,,,
136,Oct-87,17.3,60905.1,9.06,0.67,0.15,-0.1,0.27,0,,,,
137,Nov-87,16.69,60064.04,8.96,0.6,0.15,0,0.26,1,,,,
138,Dec-87,15.99,73167.83,8.74,0.52,0.25,0.1,0.25,1,,,,
139,Jan-88,15.55,89582.03,8.49,0.47,0.38,0.13,0.24,1,,,,
140,Feb-88,15.68,80299.02,8.38,0.49,0.31,-0.07,0.23,1,,,,
141,Mar-88,15.98,71465.58,8.31,0.52,0.24,-0.07,0.23,0,,,,
142,Apr-88,16.24,61440.53,8.45,0.55,0.16,-0.08,0.23,0,,,,
143,May-88,16.82,57617.13,8.66,0.61,0.13,-0.03,0.25,1,,,,
144,Jun-88,17.32,68831.72,8.71,0.67,0.22,0.09,0.25,1,,,,
145,Jul-88,17.38,87079.54,8.63,0.68,0.36,0.14,0.24,1,,,,
146,Aug-88,17.37,94285.1,8.63,0.68,0.42,0.06,0.24,0,,,,
147,Sep-88,17.1,77594.95,8.48,0.65,0.29,-0.13,0.24,0,,,,
148,Oct-88,16.74,63813.79,8.05,0.61,0.18,-0.11,0.21,0,,,,
149,Nov-88,16.17,63681.6,7.9,0.54,0.17,-0.01,0.2,1,,,,
150,Dec-88,15.72,77175.16,7.96,0.49,0.28,0.11,0.21,1,,,,
151,Jan-89,15.42,85220.81,8.18,0.46,0.35,0.07,0.22,1,,,,
152,Feb-89,15.39,78291.68,8.21,0.45,0.29,-0.06,0.22,1,,,,
153,Mar-89,15.45,77347.33,8.34,0.46,0.28,-0.01,0.23,0,,,,
154,Apr-89,15.93,64808.54,8.8,0.51,0.18,-0.1,0.25,0,,,,
155,May-89,16.27,61212.29,8.89,0.55,0.16,-0.02,0.26,1,,,,
156,Jun-89,16.85,71797.89,8.88,0.62,0.24,0.08,0.26,1,,,,
157,Jul-89,16.96,85741.93,8.85,0.63,0.35,0.11,0.26,1,,,,
158,Aug-89,16.98,86290.42,8.75,0.63,0.36,0.01,0.25,0,,,,
159,Sep-89,16.75,78859.57,8.71,0.61,0.3,-0.06,0.25,0,,,,
160,Oct-89,16.36,65247.76,8.62,0.56,0.19,-0.11,0.24,0,,,,
161,Nov-89,15.57,64955.32,8.47,0.47,0.18,-0.01,0.24,1,,,,
162,Dec-89,15.01,85751.1,8.73,0.41,0.35,0.17,0.25,1,,,,
163,Jan-90,14.68,95453.21,9.58,0.37,0.43,0.08,0.29,1,,,,
164,Feb-90,15.25,74548.2,8.78,0.44,0.26,-0.17,0.25,1,,,,
165,Mar-90,15.37,71945.24,8.51,0.45,0.24,-0.02,0.24,0,,,,
166,Apr-90,15.57,65227.84,8.4,0.47,0.19,-0.05,0.23,0,,,,
167,May-90,16.11,62904.32,8.42,0.53,0.17,-0.02,0.23,1,,,,
168,Jun-90,16.3,73864.28,8.38,0.55,0.26,0.09,0.23,1,,,,
169,Jul-90,16.38,90839.78,8.49,0.56,0.39,0.13,0.24,1,,,,
170,Aug-90,16.36,88500.32,9.67,0.56,0.37,-0.02,0.3,0,,,,
171,Sep-90,16.09,86164.08,10.6,0.53,0.35,-0.02,0.35,0,,,,
172,Oct-90,15.75,69602.16,11.16,0.49,0.22,-0.13,0.38,0,,,,
173,Nov-90,15.25,66464.97,10.78,0.44,0.2,-0.02,0.36,1,,,,
174,Dec-90,14.8,78504.3,10.3,0.39,0.29,0.09,0.33,1,,,,
175,Jan-91,14.36,93909.29,9.63,0.34,0.42,0.13,0.3,1,,,,
176,Feb-91,14.72,79477.86,8.95,0.38,0.3,-0.12,0.26,1,,,,
177,Mar-91,15.07,73893.84,8.48,0.42,0.26,-0.04,0.24,0,,,,
178,Apr-91,15.42,65914.97,8.48,0.46,0.19,-0.07,0.24,0,,,,
179,May-91,15.67,67282.63,8.54,0.48,0.2,0.01,0.24,1,,,,
180,Jun-91,15.99,80914.28,8.71,0.52,0.31,0.11,0.25,1,,,,
181,Jul-91,16.08,94501.8,8.57,0.53,0.42,0.11,0.24,1,,,,
182,Aug-91,16.09,92895.01,8.72,0.53,0.41,-0.01,0.25,0,,,,
183,Sep-91,15.96,84485.35,8.66,0.52,0.34,-0.07,0.25,0,,,,
184,Oct-91,15.83,69249.49,8.55,0.5,0.22,-0.12,0.24,0,,,,
185,Nov-91,15.06,70937.29,8.49,0.42,0.23,0.01,0.24,1,,,,
186,Dec-91,14.73,81955.56,8.23,0.38,0.32,0.09,0.22,1,,,,
187,Jan-92,14.53,91495.33,7.92,0.36,0.4,0.08,0.21,1,,,,
188,Feb-92,14.65,82188.78,7.83,0.37,0.32,-0.08,0.2,1,,,,
189,Mar-92,15.03,73783.95,7.79,0.41,0.26,-0.06,0.2,0,,,,
190,Apr-92,15.05,68460.97,7.94,0.41,0.21,-0.05,0.21,0,,,,
191,May-92,15.69,64793.26,8.28,0.49,0.18,-0.03,0.23,1,,,,
192,Jun-92,16.08,70888.95,8.58,0.53,0.23,0.05,0.24,1,,,,
193,Jul-92,15.9,88689.55,8.64,0.51,0.37,0.14,0.24,1,,,,
194,Aug-92,15.92,88430.25,8.59,0.51,0.37,0,0.24,0,,,,
195,Sep-92,15.93,79560.94,8.52,0.51,0.3,-0.07,0.24,0,,,,
196,Oct-92,15.58,69979.89,8.4,0.47,0.23,-0.07,0.23,0,,,,
197,Nov-92,14.97,70111.59,8.2,0.4,0.23,0,0.22,1,,,,
198,Dec-92,14.42,87555.33,7.93,0.34,0.37,0.14,0.21,1,,,,
199,Jan-93,14.15,93777.5,7.83,0.31,0.42,0.05,0.2,1,,,,
200,Feb-93,14.23,83409.79,7.82,0.32,0.33,-0.09,0.2,1,,,,
201,Mar-93,14.21,83056.62,7.86,0.32,0.33,0,0.2,0,,,,
202,Apr-93,14.76,69696.72,7.98,0.38,0.22,-0.11,0.21,0,,,,
203,May-93,15.49,63877.45,8.13,0.46,0.18,-0.04,0.22,1,,,,
204,Jun-93,15.81,76585.89,8.18,0.5,0.28,0.1,0.22,1,,,,
205,Jul-93,15.77,101066.69,8.15,0.5,0.47,0.19,0.22,1,,,,
206,Aug-93,15.73,102222.44,8.08,0.49,0.48,0.01,0.22,0,,,,
207,Sep-93,15.82,88920.15,8.02,0.5,0.38,-0.1,0.21,0,,,,
208,Oct-93,15.7,71760.12,8.08,0.49,0.24,-0.14,0.21,0,,,,
209,Nov-93,14.68,72716.59,7.75,0.37,0.25,0.01,0.2,1,,,,
210,Dec-93,14.11,87690.86,7.37,0.31,0.37,0.12,0.18,1,,,,
211,Jan-94,13.83,103777.52,7.31,0.28,0.5,0.13,0.17,1,,,,
212,Feb-94,13.97,89669.87,7.49,0.29,0.38,-0.12,0.18,1,,,,
213,Mar-94,14.35,79920.66,7.51,0.34,0.3,-0.08,0.18,0,,,,
214,Apr-94,14.73,69502.06,7.61,0.38,0.22,-0.08,0.19,0,,,,
215,May-94,15.11,67169.8,7.7,0.42,0.2,-0.02,0.19,1,,,,
216,Jun-94,15.49,84091.08,7.96,0.46,0.34,0.14,0.21,1,,,,
217,Jul-94,15.49,103601.8,8.1,0.46,0.49,0.15,0.22,1,,,,
218,Aug-94,15.52,96743,8.17,0.47,0.44,-0.05,0.22,0,,,,
219,Sep-94,15.45,85348.79,8.01,0.46,0.35,-0.09,0.21,0,,,,
220,Oct-94,14.97,71701.83,7.73,0.41,0.24,-0.11,0.2,0,,,,
221,Nov-94,14.46,71089.91,7.61,0.35,0.23,-0.01,0.19,1,,,,
222,Dec-94,14.03,85865.36,7.45,0.3,0.35,0.12,0.18,1,,,,
223,Jan-95,13.6,96572.74,7.39,0.25,0.44,0.09,0.18,1,,,,
224,Feb-95,13.84,86710.93,7.35,0.28,0.36,-0.08,0.18,1,,,,
225,Mar-95,14.03,79475.2,7.34,0.3,0.3,-0.06,0.18,0,,,,
226,Apr-95,14.44,68573.74,7.51,0.35,0.21,-0.09,0.18,0,,,,
227,May-95,14.62,70081.84,7.75,0.37,0.23,0.02,0.2,1,,,,
228,Jun-95,14.92,84217.84,7.91,0.4,0.34,0.11,0.21,1,,,,
229,Jul-95,15.03,104020.58,7.82,0.41,0.5,0.16,0.2,1,,,,
230,Aug-95,14.97,114903.4,7.82,0.4,0.58,0.08,0.2,0,,,,
231,Sep-95,14.59,93900.12,7.72,0.36,0.42,-0.16,0.2,0,,,,
232,Oct-95,14.69,74704.41,7.38,0.37,0.26,-0.16,0.18,0,,,,
233,Nov-95,14.01,76926.51,7.13,0.3,0.28,0.02,0.16,1,,,,
234,Dec-95,13.58,92414.17,7.22,0.25,0.4,0.12,0.17,1,,,,
235,Jan-96,13.06,108620.45,7.44,0.19,0.53,0.13,0.18,1,,,,
236,Feb-96,13.14,96117.55,7.46,0.2,0.43,-0.1,0.18,1,,,,
237,Mar-96,13.56,87040.09,7.72,0.25,0.36,-0.07,0.2,0,,,,
238,Apr-96,13.76,74614.67,8.21,0.27,0.26,-0.1,0.22,0,,,,
239,May-96,14.23,74538.77,8.31,0.32,0.26,0,0.23,1,,,,
240,Jun-96,14.39,90946.83,8.21,0.34,0.39,0.13,0.22,1,,,,
241,Jul-96,14.5,106125.47,8.24,0.35,0.51,0.12,0.22,1,,,,
242,Aug-96,14.69,105557.33,8.29,0.37,0.51,0,0.23,0,,,,
243,Sep-96,14.53,91585.44,8.33,0.36,0.4,-0.11,0.23,0,,,,
244,Oct-96,14.29,75379.29,8.38,0.33,0.27,-0.13,0.23,0,,,,
245,Nov-96,13.55,78254.99,8.28,0.24,0.29,0.02,0.23,1,,,,
246,Dec-96,13.09,93730.88,8.33,0.19,0.42,0.13,0.23,1,,,,
247,Jan-97,12.87,106136.91,8.36,0.17,0.51,0.09,0.23,1,,,,
248,Feb-97,13.03,90250.61,8.23,0.19,0.39,-0.12,0.22,1,,,,
249,Mar-97,13.44,81421.38,7.9,0.23,0.32,-0.07,0.21,0,,,,
250,Apr-97,13.66,72742.69,7.75,0.26,0.25,-0.07,0.2,0,,,,
251,May-97,14.1,70778.29,7.8,0.31,0.23,-0.02,0.2,1,,,,
252,Jun-97,14.5,83584.68,7.96,0.35,0.33,0.1,0.21,1,,,,
253,Jul-97,14.2,109331.11,7.92,0.32,0.54,0.21,0.21,1,,,,
254,Aug-97,14.27,106969.52,8.05,0.33,0.52,-0.02,0.21,0,,,,
255,Sep-97,14.15,94801.49,7.99,0.31,0.42,-0.1,0.21,0,,,,
256,Oct-97,13.87,84121.86,7.76,0.28,0.34,-0.08,0.2,0,,,,
257,Nov-97,13.3,79993.51,7.54,0.22,0.31,-0.03,0.19,1,,,,
258,Dec-97,12.94,95748.04,7.21,0.18,0.43,0.12,0.17,1,,,,
259,Jan-98,12.66,102540.72,7.03,0.14,0.49,0.06,0.16,1,,,,
260,Feb-98,12.83,86555.7,6.85,0.16,0.36,-0.13,0.15,1,,,,
261,Mar-98,12.89,85985.93,6.67,0.17,0.35,-0.01,0.14,0,,,,
262,Apr-98,13.23,74195.03,6.79,0.21,0.26,-0.09,0.15,0,,,,
263,May-98,13.61,77518.21,7,0.25,0.29,0.03,0.16,1,,,,
264,Jun-98,13.66,98444.51,7.04,0.26,0.45,0.16,0.16,1,,,,
265,Jul-98,13.71,121472.25,6.95,0.26,0.64,0.19,0.15,1,,,,
266,Aug-98,13.67,120267.59,6.98,0.26,0.63,-0.01,0.16,0,,,,
267,Sep-98,13.44,106640.88,6.95,0.23,0.52,-0.11,0.16,0,,,,
268,Oct-98,13.12,86822.93,6.67,0.2,0.36,-0.16,0.14,0,,,,
269,Nov-98,12.77,77017.88,6.35,0.16,0.28,-0.08,0.12,1,,,,
270,Dec-98,12.56,92647.5,6.05,0.13,0.41,0.13,0.11,1,,,,
271,Jan-99,12,111219.42,5.99,0.07,0.55,0.14,0.1,1,,,,
272,Feb-99,12.54,86705.02,6.01,0.13,0.36,-0.19,0.1,1,,,,
273,Mar-99,12.5,89449.81,6.18,0.13,0.38,0.02,0.11,0,,,,
274,Apr-99,12.71,77284.99,6.72,0.15,0.28,-0.1,0.14,0,,,,
275,May-99,12.99,77151.74,6.91,0.18,0.28,0,0.15,1,,,,
276,Jun-99,13.24,95915.32,7.08,0.21,0.43,0.15,0.16,1,,,,
277,Jul-99,13.28,123125.53,7.42,0.21,0.65,0.22,0.18,1,,,,
278,Aug-99,13.14,123959.8,7.73,0.2,0.66,0.01,0.2,0,,,,
279,Sep-99,12.99,104054.56,7.89,0.18,0.5,-0.16,0.2,0,,,,
280,Oct-99,12.98,82605.2,7.71,0.18,0.33,-0.17,0.2,0,,,,
281,Nov-99,12.52,78288.26,7.8,0.13,0.29,-0.04,0.2,1,,,,
282,Dec-99,12.26,95163.43,7.88,0.1,0.43,0.14,0.2,1,,,,
283,Jan-00,11.79,109492.09,8.14,0.05,0.54,0.11,0.22,1,,,,
284,Feb-00,11.82,98445.86,9.17,0.05,0.45,-0.09,0.27,1,,,,
285,Mar-00,12.33,84645.02,9.05,0.11,0.34,-0.11,0.27,0,,,,
286,Apr-00,12.43,76228.45,8.71,0.12,0.28,-0.06,0.25,0,,,,
287,May-00,12.7,83366.31,8.99,0.15,0.33,0.05,0.26,1,,,,
288,Jun-00,12.96,103976.43,9.48,0.18,0.5,0.17,0.29,1,,,,
289,Jul-00,13,119475.31,9.48,0.18,0.62,0.12,0.29,1,,,,
290,Aug-00,13.03,123769.36,9.43,0.19,0.66,0.04,0.29,0,,,,
291,Sep-00,12.78,108546.42,10.02,0.16,0.53,-0.13,0.32,0,,,,
292,Oct-00,12.73,86831.64,9.88,0.15,0.36,-0.17,0.31,0,,,,
293,Nov-00,12.2,84516.25,9.69,0.09,0.34,-0.02,0.3,1,,,,
294,Dec-00,11.68,113153.36,9.38,0.03,0.57,0.23,0.28,1,,,,
295,1-Jan,11.48,127080.03,9.53,0.01,0.68,0.11,0.29,1,,,,
296,1-Feb,11.91,99875.59,9.44,0.06,0.46,-0.22,0.29,1,,,,
297,1-Mar,12.32,92816.13,8.98,0.1,0.41,-0.05,0.26,0,,,,
298,1-Apr,12.5,82438.26,9.23,0.13,0.32,-0.09,0.28,0,,,,
299,1-May,12.98,81755.58,9.73,0.18,0.32,0,0.3,1,,,,
300,1-Jun,13.31,99409.92,9.59,0.22,0.46,0.14,0.29,1,,,,
301,1-Jul,13.27,120695.09,8.96,0.21,0.63,0.17,0.26,1,,,,
302,1-Aug,13.24,129189.8,8.92,0.21,0.7,0.07,0.26,0,,,,
303,1-Sep,13.06,105956.42,9.07,0.19,0.51,-0.19,0.27,0,,,,
304,1-Oct,12.98,85424.56,7.99,0.18,0.35,-0.16,0.21,0,,,,
305,1-Nov,12.45,80798.47,7.45,0.12,0.31,-0.04,0.18,1,,,,
306,1-Dec,12.18,96166.74,6.95,0.09,0.43,0.12,0.15,1,,,,
307,2-Jan,11.84,116891.8,7,0.05,0.6,0.17,0.16,1,,,,
308,2-Feb,11.99,96592.93,7,0.07,0.44,-0.16,0.16,1,,,,
309,2-Mar,11.93,95318.67,7.42,0.06,0.43,-0.01,0.18,0,,,,
310,2-Apr,12.17,85407.61,7.94,0.09,0.35,-0.08,0.21,0,,,,
311,2-May,12.55,87318.54,8.11,0.13,0.36,0.01,0.22,1,,,,
312,2-Jun,12.67,107170,8.19,0.14,0.52,0.16,0.22,1,,,,
313,2-Jul,12.77,133694.8,8.39,0.16,0.73,0.21,0.23,1,,,,
314,2-Aug,12.59,134332.47,8.47,0.14,0.74,0.01,0.24,0,,,,
315,2-Sep,12.39,115833.03,8.65,0.11,0.59,-0.15,0.24,0,,,,
316,2-Oct,12.19,94531.34,8.46,0.09,0.42,-0.17,0.23,0,,,,
317,2-Nov,11.94,88822.3,8.18,0.06,0.38,-0.04,0.22,1,,,,
318,2-Dec,11.59,109266.38,8.27,0.02,0.54,0.16,0.22,1,,,,
319,3-Jan,11.42,124272.79,8.79,0,0.66,0.12,0.25,1,,,,
320,3-Feb,11.39,110937.37,9.69,0,0.55,-0.11,0.3,1,,,,
321,3-Mar,11.84,99561.31,10.16,0.05,0.46,-0.09,0.33,0,,,,
322,3-Apr,12.55,83448.24,9.33,0.13,0.33,-0.13,0.28,0,,,,
323,3-May,12.81,87804.37,9.07,0.16,0.37,0.04,0.27,1,,,,
324,3-Jun,13.17,101285.79,9.23,0.2,0.48,0.11,0.28,1,,,,
325,3-Jul,13.07,130673.86,9.36,0.19,0.71,0.23,0.28,1,,,,
326,3-Aug,13.03,134467.8,9.58,0.19,0.74,0.03,0.29,0,,,,
327,3-Sep,12.56,113848.98,9.41,0.13,0.58,-0.16,0.29,0,,,,
328,3-Oct,12.48,89780.86,9.04,0.12,0.38,-0.2,0.27,0,,,,
329,3-Nov,12.29,86658.68,8.86,0.1,0.36,-0.02,0.26,1,,,,
330,3-Dec,11.66,113083.85,8.83,0.03,0.57,0.21,0.25,1,,,,
331,4-Jan,11.53,127121.38,9.3,0.02,0.68,0.11,0.28,1,,,,
332,4-Feb,11.63,112464.06,9.54,0.03,0.56,-0.12,0.29,1,,,,
333,4-Mar,12.01,98947.21,9.77,0.07,0.46,-0.1,0.3,0,,,,
334,4-Apr,12.42,85376.87,10,0.12,0.35,-0.11,0.32,0,,,,
335,4-May,12.56,90598.21,10.62,0.13,0.39,0.04,0.35,1,,,,
336,4-Jun,12.82,112335.13,10.71,0.16,0.56,0.17,0.35,1,,,,
337,4-Jul,12.9,129305.35,10.82,0.17,0.7,0.14,0.36,1,,,,
338,4-Aug,13.09,126423.34,11.15,0.19,0.68,-0.02,0.38,0,,,,
339,4-Sep,12.9,112337.69,11.26,0.17,0.56,-0.12,0.38,0,,,,
340,4-Oct,12.36,93466.17,11.83,0.11,0.41,-0.15,0.41,0,,,,
341,4-Nov,12.18,89649.74,11.65,0.09,0.38,-0.03,0.4,1,,,,
342,4-Dec,11.67,113956.43,10.93,0.03,0.58,0.2,0.37,1,,,,
343,5-Jan,11.56,125287.86,10.88,0.02,0.67,0.09,0.36,1,,,,
344,5-Feb,11.84,106666.91,11.24,0.05,0.52,-0.15,0.38,1,,,,
345,5-Mar,11.96,104065.2,12.03,0.06,0.5,-0.02,0.42,0,,,,
346,5-Apr,12.4,86749.16,12.54,0.11,0.36,-0.14,0.45,0,,,,
347,5-May,12.86,87384.11,12.29,0.17,0.36,0,0.44,1,,,,
348,5-Jun,13.15,116627.44,12.81,0.2,0.6,0.24,0.47,1,,,,
349,5-Jul,13.04,144476.34,13.48,0.19,0.82,0.22,0.5,1,,,,
350,5-Aug,13.17,146904.78,14.27,0.2,0.84,0.02,0.54,0,,,,
351,5-Sep,13,126515.64,15.64,0.18,0.68,-0.16,0.62,0,,,,
352,5-Oct,12.74,102685.88,15.65,0.15,0.49,-0.19,0.62,0,,,,
353,5-Nov,12.82,91686.57,13.91,0.16,0.4,-0.09,0.52,1,,,,
354,5-Dec,12.17,120177.22,13.42,0.09,0.63,0.23,0.5,1,,,,
355,6-Jan,12.49,120418.85,13.77,0.12,0.63,0,0.52,1,,,,
356,6-Feb,12.81,104511.06,13.47,0.16,0.5,-0.13,0.5,1,,,,
357,6-Mar,12.88,104955.19,13.69,0.17,0.5,0,0.51,0,,,,
358,6-Apr,13.4,89374.1,14.62,0.23,0.38,-0.12,0.56,0,,,,
359,6-May,13.74,93999.95,15.33,0.27,0.42,0.04,0.6,1,,,,
360,6-Jun,14.02,118815.31,15.35,0.3,0.62,0.2,0.6,1,,,,
361,6-Jul,14.08,147338.33,15.72,0.3,0.84,0.22,0.62,1,,,,
362,6-Aug,13.99,150064.43,15.85,0.29,0.87,0.03,0.63,0,,,,
363,6-Sep,14.06,116072.16,14.57,0.3,0.59,-0.28,0.56,0,,,,
364,6-Oct,13.66,96246.21,13.02,0.26,0.44,-0.15,0.48,0,,,,
365,6-Nov,13.14,94842.85,12.99,0.2,0.42,-0.02,0.48,1,,,,
366,6-Dec,12.63,114881.6,13.31,0.14,0.58,0.16,0.49,1,,,,
367,7-Jan,12.89,125286.24,12.69,0.17,0.67,0.09,0.46,1,,,,
368,7-Feb,12.62,121464.25,12.88,0.14,0.64,-0.03,0.47,1,,,,
369,7-Mar,13.04,105694.76,13.7,0.19,0.51,-0.13,0.51,0,,,,
370,7-Apr,13.46,90282.05,14.5,0.23,0.39,-0.12,0.56,0,,,,
371,7-May,13.58,96388.85,15.05,0.25,0.44,0.05,0.58,1,,,,
372,7-Jun,13.95,117417.6,15.29,0.29,0.6,0.16,0.6,1,,,,
373,7-Jul,13.9,139027.03,15.54,0.28,0.78,0.18,0.61,1,,,,
374,7-Aug,13.9,150101.49,15.25,0.28,0.87,0.09,0.59,0,,,,
375,7-Sep,13.7,129512.02,15.41,0.26,0.7,-0.17,0.6,0,,,,
376,7-Oct,13.48,103753.92,15.58,0.24,0.5,-0.2,0.61,0,,,,
377,7-Nov,13.23,95904.83,16.6,0.21,0.43,-0.07,0.67,1,,,,
378,7-Dec,12.74,117407.96,16.32,0.15,0.6,0.17,0.65,1,,,,
379,8-Jan,12.46,133368.44,16.39,0.12,0.73,0.13,0.66,1,,,,
380,8-Feb,12.45,118553.65,16.55,0.12,0.61,-0.12,0.66,1,,,,
381,8-Mar,12.76,107162.48,18.18,0.16,0.52,-0.09,0.75,0,,,,
382,8-Apr,13.32,92165.89,19.31,0.22,0.4,-0.12,0.81,0,,,,
383,8-May,13.81,92245.63,21,0.27,0.4,0,0.9,1,,,,
384,8-Jun,14.11,121375.88,22.6,0.31,0.64,0.24,0.98,1,,,,
385,8-Jul,14.37,143179.15,22.89,0.34,0.81,0.17,1,1,,,,
386,8-Aug,14.41,138459.92,21.03,0.34,0.77,-0.04,0.9,0,,,,
387,8-Sep,14.2,117078.14,19.57,0.32,0.6,-0.17,0.82,0,,,,
388,8-Oct,14.19,96110.59,16.73,0.32,0.43,-0.17,0.67,0,,,,
389,8-Nov,13.97,95766.49,13.5,0.29,0.43,0,0.5,1,,,,
390,8-Dec,13.39,125195.49,11.51,0.23,0.67,0.24,0.4,1,,,,
391,9-Jan,13.51,136228.78,11.24,0.24,0.75,0.08,0.38,1,,,,
392,9-Feb,13.7,115212.23,11.18,0.26,0.59,-0.16,0.38,1,,,,
393,9-Mar,13.84,106501.36,11.12,0.28,0.52,-0.07,0.38,0,,,,
394,9-Apr,14.09,91631.16,11.48,0.31,0.4,-0.12,0.39,0,,,,
395,9-May,14.42,94312.18,12.12,0.34,0.42,0.02,0.43,1,,,,
396,9-Jun,14.33,114395.19,13.47,0.33,0.58,0.16,0.5,1,,,,
397,9-Jul,14.39,137497.96,13.44,0.34,0.76,0.18,0.5,1,,,,
398,9-Aug,14.45,138222.68,13.94,0.35,0.77,0.01,0.53,0,,,,
399,9-Sep,14.44,115163.38,13.67,0.35,0.59,-0.18,0.51,0,,,,
400,9-Oct,14.03,98552.02,13.39,0.3,0.45,-0.14,0.5,0,,,,
401,9-Nov,13.51,93027.98,13.85,0.24,0.41,-0.04,0.52,1,,,,
402,9-Dec,13.07,124013.23,13.51,0.19,0.66,0.25,0.5,1,,,,
403,10-Jan,12.57,147499.88,14.05,0.13,0.84,0.18,0.53,1,,,,
404,10-Feb,13.07,122840.2,13.8,0.19,0.65,-0.19,0.52,1,,,,
405,10-Mar,13.33,111789.99,14.26,0.22,0.56,-0.09,0.54,0,,,,
406,10-Apr,14.04,88046.44,14.86,0.3,0.37,-0.19,0.57,0,,,,
407,10-May,14.29,94843.01,14.72,0.33,0.42,0.05,0.57,1,,,,
408,10-Jun,14.29,127495.97,14.65,0.33,0.69,0.27,0.56,1,,,,
409,10-Jul,14.42,154688.71,14.8,0.34,0.9,0.21,0.57,1,,,,
410,10-Aug,14.39,154053.43,14.93,0.34,0.9,0,0.58,0,,,,
411,10-Sep,14.27,124582.73,14.7,0.33,0.66,-0.24,0.57,0,,,,
412,10-Oct,14.12,96688.03,14.77,0.31,0.44,-0.22,0.57,0,,,,
413,10-Nov,13.79,93166.14,14.72,0.27,0.41,-0.03,0.57,1,,,,
414,10-Dec,13.08,130013.88,15.14,0.19,0.71,0.3,0.59,1,,,,
415,11-Jan,12.81,145061.69,15.68,0.16,0.83,0.12,0.62,1,,,,
416,11-Feb,12.99,120109.97,16.37,0.18,0.63,-0.2,0.65,1,,,,
417,11-Mar,13.46,104922.12,17.68,0.23,0.5,-0.13,0.72,0,,,,
418,11-Apr,13.58,93701.64,18.66,0.25,0.41,-0.09,0.78,0,,,,
419,11-May,13.83,97689.1,18.68,0.28,0.45,0.04,0.78,1,,,,
420,11-Jun,13.88,125982.79,18.45,0.28,0.67,0.22,0.76,1,,,,
421,11-Jul,13.98,154728.92,18.42,0.29,0.9,0.23,0.76,1,,,,
422,11-Aug,13.94,153738.73,18.17,0.29,0.89,-0.01,0.75,0,,,,
423,11-Sep,14,122719.5,17.94,0.3,0.65,-0.24,0.74,0,,,,
424,11-Oct,13.89,94585.12,17.28,0.28,0.42,-0.23,0.7,0,,,,
425,11-Nov,13.52,93220.5,17.25,0.24,0.41,-0.01,0.7,1,,,,
426,11-Dec,13.08,116341.02,16.78,0.19,0.6,0.19,0.68,1,,,,
427,12-Jan,13.05,125881.48,16.82,0.19,0.67,0.07,0.68,1,,,,
428,12-Feb,13.14,107975.36,17.33,0.2,0.53,-0.14,0.7,1,,,,
429,12-Mar,13.33,99361.69,18.14,0.22,0.46,-0.07,0.75,0,,,,
430,12-Apr,13.56,88103.21,18.11,0.25,0.37,-0.09,0.75,0,,,,
431,12-May,13.56,100895.12,17.79,0.25,0.47,0.1,0.73,1,,,,
432,12-Jun,13.79,122934.13,17,0.27,0.65,0.18,0.69,1,,,,
433,12-Jul,13.69,154579.07,16.98,0.26,0.9,0.25,0.69,1,,,,
434,12-Aug,13.8,147941.04,17.9,0.27,0.85,-0.05,0.74,0,,,,
435,12-Sep,13.88,118831.34,18.26,0.28,0.62,-0.23,0.75,0,,,,
436,12-Oct,13.54,96669.43,17.61,0.24,0.44,-0.18,0.72,0,,,,
437,12-Nov,13.25,97155.23,16.87,0.21,0.44,0,0.68,1,,,,
438,12-Dec,13.1,114187.6,16.52,0.19,0.58,0.14,0.66,1,,,,
439,13-Jan,12.89,131784.84,16.45,0.17,0.72,0.14,0.66,1,,,,
440,13-Feb,13.02,113113.89,17.17,0.18,0.57,-0.15,0.7,1,,,,
441,13-Mar,13.03,112096.73,17.13,0.19,0.56,-0.01,0.69,0,,,,
442,13-Apr,13.42,95540.85,16.75,0.23,0.43,-0.13,0.67,0,,,,
443,13-May,13.94,95191.6,16.99,0.29,0.43,0,0.69,1,,,,
444,13-Jun,14.06,117982.11,17.23,0.3,0.61,0.18,0.7,1,,,,
445,13-Jul,14.16,143854.75,17.53,0.31,0.82,0.21,0.72,1,,,,
446,13-Aug,13.99,138065.07,17.65,0.29,0.77,-0.05,0.72,0,,,,
447,13-Sep,13.96,121419.22,17.58,0.29,0.64,-0.13,0.72,0,,,,
448,13-Oct,13.79,98893.02,16.62,0.27,0.46,-0.18,0.67,0,,,,
449,13-Nov,13.47,97904.02,15.88,0.24,0.45,-0.01,0.63,1,,,,
450,13-Dec,13.02,128966.06,15.89,0.18,0.7,0.25,0.63,1,,,,
451,14-Jan,12.91,146511.44,16.05,0.17,0.84,0.14,0.64,1,,,,
452,14-Feb,13.21,128475.36,16.61,0.21,0.69,-0.15,0.67,1,,,,
453,14-Mar,13.53,114232.8,16.82,0.24,0.58,-0.11,0.68,0,,,,
454,14-Apr,13.57,92289.72,16.92,0.25,0.4,-0.18,0.68,0,,,,
455,14-May,14.14,95726.77,17.16,0.31,0.43,0.03,0.7,1,,,,
456,14-Jun,14.27,118049.04,17.49,0.33,0.61,0.18,0.71,1,,,,
457,14-Jul,14.37,137027.97,17.46,0.34,0.76,0.15,0.71,1,,,,
458,14-Aug,14.32,135829.8,17.1,0.33,0.75,-0.01,0.69,0,,,,
459,14-Sep,14.22,120741.35,16.62,0.32,0.63,-0.12,0.67,0,,,,
460,14-Oct,13.83,98037.68,15.47,0.28,0.45,-0.18,0.61,0,,,,
461,14-Nov,13.73,99485.77,14.38,0.26,0.46,0.01,0.55,1,,,,
462,14-Dec,13.43,120800.62,13.02,0.23,0.63,0.17,0.48,1,,,,
463,15-Jan,13.44,137764.86,11.39,0.23,0.77,0.14,0.39,1,,,,
464,15-Feb,13.61,123837.72,11.38,0.25,0.66,-0.11,0.39,1,,,,
465,15-Mar,13.62,117167.11,11.87,0.25,0.6,-0.06,0.42,0,,,,
466,15-Apr,13.93,90199.19,11.73,0.29,0.39,-0.21,0.41,0,,,,
467,15-May,14.22,95160.53,12.61,0.32,0.43,0.04,0.45,1,,,,
468,15-Jun,14.17,120299.75,12.98,0.31,0.63,0.2,0.47,1,,,,
469,15-Jul,14.17,146038.29,12.77,0.31,0.83,0.2,0.46,1,,,,
470,15-Aug,14.14,144515.15,12,0.31,0.82,-0.01,0.42,0,,,,
471,15-Sep,14.3,125416.67,11.43,0.33,0.67,-0.15,0.39,0,,,,
472,15-Oct,13.95,99349.05,10.79,0.29,0.46,-0.21,0.36,0,,,,
473,15-Nov,13.92,92677.75,10.07,0.29,0.41,-0.05,0.32,1,,,,
474,15-Dec,13.51,111670.44,9.31,0.24,0.56,0.15,0.28,1,,,,
475,16-Jan,13.14,130971.85,8.57,0.2,0.71,0.15,0.24,1,,,,
476,16-Feb,13.32,115959.43,8.16,0.22,0.59,-0.12,0.22,1,,,,
477,16-Mar,13.76,100226.58,8.77,0.27,0.47,-0.12,0.25,0,,,,
478,16-Apr,13.57,88244.34,9.17,0.25,0.37,-0.1,0.27,0,,,,
479,16-May,13.93,94198.03,10.02,0.29,0.42,0.05,0.32,1,,,,
480,16-Jun,13.82,125211.24,10.77,0.27,0.67,0.25,0.36,1,,,,
481,16-Jul,13.77,154409.33,10.83,0.27,0.9,0.23,0.36,1,,,,
482,16-Aug,13.96,156441.52,10.76,0.29,0.92,0.02,0.36,0,,,,
483,16-Sep,13.92,129362.93,10.76,0.29,0.7,-0.22,0.36,0,,,,
484,16-Oct,13.44,101507.97,10.67,0.23,0.48,-0.22,0.35,0,,,,
485,16-Nov,13.74,93244.09,10.03,0.27,0.41,-0.07,0.32,1,,,,
486,16-Dec,13.14,121280.86,10.18,0.2,0.64,0.23,0.33,1,,,,
487,17-Jan,13.06,129212.5,10.49,0.19,0.7,0.06,0.34,1,,,,
488,17-Feb,13.66,100968.24,10.53,0.26,0.47,-0.23,0.34,1,,,,
489,17-Mar,13.79,103095.52,10.43,0.27,0.49,0.02,0.34,0,,,,
490,17-Apr,13.59,90724.5,10.77,0.25,0.39,-0.1,0.36,0,,,,
491,17-May,13.97,98281.16,10.93,0.29,0.45,0.06,0.37,1,,,,
492,17-Jun,14.09,122543.17,11.04,0.31,0.65,0.2,0.37,1,,,,
493,17-Jul,13.96,149900.48,11.17,0.29,0.86,0.21,0.38,1,,,,
494,17-Aug,13.97,142007.17,11.52,0.29,0.8,-0.06,0.4,0,,,,
495,17-Sep,14.05,118778.78,12.03,0.3,0.62,-0.18,0.42,0,,,,
496,17-Oct,13.53,102811.04,11.45,0.24,0.49,-0.13,0.39,0,,,,
497,17-Nov,13.64,98320.57,11.38,0.25,0.45,-0.04,0.39,1,,,,
498,17-Dec,13.1,122004.62,11.25,0.19,0.64,0.19,0.38,1,,,,
499,18-Jan,12.8,148917.38,11.62,0.16,0.86,0.22,0.4,1,,,,
500,18-Feb,13.2,113751.28,11.66,0.2,0.58,-0.28,0.4,1,,,,
501,18-Mar,13.56,107218.43,11.56,0.25,0.52,-0.06,0.4,0,,,,
502,18-Apr,13.43,95453.62,12.02,0.23,0.43,-0.09,0.42,0,,,,
503,18-May,13.65,103848,13.16,0.26,0.5,0.07,0.48,1,,,,
504,18-Jun,13.52,129912.9,13.56,0.24,0.7,0.2,0.51,1,,,,
505,18-Jul,13.61,153566.05,13.76,0.25,0.89,0.19,0.52,1,,,,
506,18-Aug,13.72,153496.49,13.79,0.26,0.89,0,0.52,0,,,,
507,18-Sep,13.44,128909.79,13.71,0.23,0.7,-0.19,0.51,0,,,,
508,18-Oct,13.25,107048.75,13.26,0.21,0.52,-0.18,0.49,0,,,,
509,18-Nov,13.31,103789.96,12.16,0.22,0.5,-0.02,0.43,1,,,,
510,18-Dec,12.83,123180.4,11.09,0.16,0.65,0.15,0.37,1,,,,
511,19-Jan,12.87,133317.55,10.94,0.17,0.73,0.08,0.37,1,,,,
512,19-Feb,13.1,116608,11.27,0.19,0.6,-0.13,0.38,1,,,,
513,19-Mar,13.17,112605.42,11.65,0.2,0.57,-0.03,0.4,0,,,,
514,19-Apr,13.55,90383.82,12.3,0.24,0.39,-0.18,0.44,0,,,,
515,19-May,13.6,100331.07,12.57,0.25,0.47,0.08,0.45,1,,,,
516,19-Jun,13.6,120116.17,12.47,0.25,0.63,0.16,0.45,1,,,,
517,19-Jul,13.5,153748.89,12.72,0.24,0.89,0.26,0.46,1,,,,
518,19-Aug,13.53,150083.06,12.48,0.24,0.87,-0.02,0.45,0,,,,
519,19-Sep,13.37,131566.73,12.42,0.22,0.72,-0.15,0.44,0,,,,
520,19-Oct,12.98,107997.21,11.81,0.18,0.53,-0.19,0.41,0,,,,
521,19-Nov,13.17,102452.92,11.34,0.2,0.48,-0.05,0.39,1,,,,
522,19-Dec,12.79,121078.08,11.34,0.16,0.63,0.15,0.39,1,,,,
523,20-Jan,12.88,124414.14,11.28,0.17,0.66,0.03,0.38,1,,,,
524,20-Feb,12.93,111931.39,10.58,0.17,0.56,-0.1,0.35,1,,,,
525,20-Mar,13.23,104006.32,9.46,0.21,0.5,-0.06,0.29,0,,,,
526,20-Apr,13.53,97464.58,8.35,0.24,0.44,-0.06,0.23,0,,,,
527,20-May,13.4,105411.88,8.45,0.23,0.51,0.07,0.23,1,,,,
528,20-Jun,13.46,131242.46,9.59,0.23,0.71,0.2,0.29,1,,,,
529,20-Jul,13.36,166890.83,10.11,0.22,1,0.29,0.32,1,,,,
530,20-Aug,13.36,158821.42,10.25,0.22,0.94,-0.06,0.33,0,,,,
